epoch,loss,train,valid,test,final_model,rel_val_overfitting
1,6.062569808959961,2.4222154584578366,2.473950252917379,2.602672840038016,,0.020911816799280676
2,5.747876739501953,2.4078165493363137,2.4634050192428116,2.6192813012429195,,0.02256570457243949
3,5.577640151977539,2.4111209319401055,2.467895534470077,2.627620483116868,,0.02300526976809924
4,5.584857177734375,2.400126152996505,2.4587170456859186,2.622821322940314,,0.023829863949663348
5,5.573921585083008,2.378106044963007,2.429989451896007,2.5999352552938872,,0.021351288950047776
6,5.429658889770508,2.35844706940551,2.4106590796764324,2.5868043961952276,,0.021658811364537844
7,5.359936141967774,2.3387914332683044,2.3947535549668775,2.5601080037282764,,0.02336863498229449
8,5.2890575408935545,2.325429949028193,2.3815890793343746,2.549870881286318,,0.02358052898104373
9,5.2622520446777346,2.310739654754456,2.365077376031666,2.543732884150632,,0.02297502898969963
10,5.370592880249023,2.2981881899103804,2.360555552947658,2.5346919778680923,,0.02642062922831816
11,5.306241607666015,2.293622787682572,2.361202756244791,2.5343371506456407,,0.028620993425273026
12,5.169560241699219,2.280510566107544,2.342110873253045,2.5334104040106467,,0.026301191736470594
13,5.213424301147461,2.268487595655707,2.3294286864263762,2.5285667709300896,,0.02616138932510542
14,5.049916076660156,2.268379216331513,2.321557982073231,2.5332643089292923,,0.022906499063283146
15,5.065518951416015,2.259611634679412,2.323113333936992,2.5200754404225676,,0.02733474012219766
16,5.202150344848633,2.2453295765146564,2.3155775280414552,2.4988128698923857,,0.030337119218036057
17,5.076875305175781,2.228351168642363,2.3153028205254116,2.4815863357436636,,0.03755519628456916
18,4.9608299255371096,2.2147234621135135,2.302084304659013,2.465611304867,,0.037948585274959964
19,4.989591598510742,2.200150410046798,2.2911145766923013,2.4618194354837137,,0.039703019469601926
20,4.974702835083008,2.1994647821993834,2.2822179498143313,2.4701056653522353,,0.03625997579314471
21,4.855894088745117,2.201408804531007,2.2709998487703396,2.4759681458967604,,0.0306433504506896
22,4.759377288818359,2.186362090904161,2.259818408655634,2.4591357361683537,,0.032505407279681396
23,4.672694396972656,2.1597004976694514,2.2264016142035556,2.433496734828899,,0.02995915746223759
24,4.545366668701172,2.1418977303482882,2.2088641146176875,2.4225911348261926,,0.030317113590751545
25,4.589516830444336,2.1304265058386895,2.189011642251941,2.4192713350792983,,0.02676328224229174
26,4.573184204101563,2.1183781953732,2.1719820158464618,2.4187562410468093,,0.024679679703688163
27,4.665455627441406,2.1041138326176148,2.1587549858912936,2.403864994209806,,0.025311419605647787
28,4.427907180786133,2.086611666452968,2.146386509472143,2.390666529695936,,0.02784905829187085
29,4.6131141662597654,2.0810336868578068,2.1411823024940753,2.3825358889860513,,0.02809130991144783
30,4.431174087524414,2.070900816462765,2.1202877036338115,2.3682802368918616,,0.02329254048231561
31,4.279988098144531,2.055387276344779,2.097172696244111,2.349615853760166,,0.019924644248023288
32,4.200569915771484,2.031145923298665,2.0639563092763797,2.313634417819977,,0.01589684133828296
33,4.233867645263672,2.0087819838367853,2.0406622390199725,2.2809385399278255,,0.015622504583853936
34,4.183047485351563,1.9966459773626726,2.0430102582993532,2.2646549408643795,,0.022694100897601613
35,4.218328475952148,1.9893253118753311,2.0503115295215473,2.244532036609952,,0.029744854266340517
36,4.043772506713867,1.9819912095080314,2.035545283747814,2.242935568036636,,0.02630944871006737
37,3.981475830078125,1.966594909411216,2.016932952715437,2.224856049190559,,0.0249577177250487
38,4.050779724121094,1.945467954330439,1.981516308326883,2.202771551891068,,0.01819230749954406
39,4.1347709655761715,1.9367147774690736,1.976509658908025,2.1874029461432496,,0.020133917008499327
40,3.979502868652344,1.9311952049599594,1.9781078190973485,2.169454564701864,,0.02371590349346893
41,3.929991912841797,1.9180691750196892,1.9676184903297083,2.1464180597900064,,0.02518237938581082
42,3.7414829254150392,1.8930968681764655,1.9522688119128424,2.1386930635036987,,0.030309321838932597
43,3.7972091674804687,1.866851604788583,1.9415816190523503,2.1288563514426895,,0.03848924687505106
44,3.6850109100341797,1.8327801536682733,1.930062253500615,2.1033145980956736,,0.050403607270127264
45,3.7225399017333984,1.8009834652803727,1.8797192646812584,2.0607007417522856,,0.04188699923455689
46,3.7876636505126955,1.7930327757789122,1.8717701182495836,2.0397943804636918,,0.04206571186439494
47,3.6066383361816405,1.7949631771133667,1.8802897868817692,2.0451120438743455,,0.04537949967271066
48,3.5626895904541014,1.8147370515880832,1.9103816175733552,2.066841892535108,,0.05006568588466826
49,3.573639678955078,1.805050764499141,1.9103504429485338,2.0587254752038486,,0.05512060828319433
50,3.5077335357666017,1.7805785226478155,1.8864887784369968,2.0392391409504196,,0.056141471393713054
51,3.362742614746094,1.7702709205408989,1.8757504869280983,2.0201320139938366,,0.05623326083201104
52,3.5681861877441405,1.760108266178535,1.8612285554928645,1.9907448211635104,,0.05432986132514619
53,3.448046875,1.752883473679996,1.8343644340627563,1.9823154842720845,,0.04441917803775551
54,3.375692367553711,1.7376255074820262,1.8218418287242668,1.9486351064890783,,0.046225923630929366
55,3.242470550537109,1.7127406556597866,1.7931183516322935,1.923683995593648,,0.044825650186078494
56,3.262263870239258,1.6920309986750512,1.7755828785572974,1.8887462793652903,,0.04705602925735236
57,3.2994361877441407,1.6794972432827453,1.7585696137234017,1.8692289249111804,,0.044964026344818546
58,3.0351230621337892,1.673461702974643,1.7490177307831074,1.8821166121160189,,0.04319912055701964
59,3.2190017700195312,1.6606832617813891,1.71419808555722,1.8766461667159178,,0.031218576328321663
60,3.147724914550781,1.6504327653585564,1.7167337587563345,1.8741093927945003,,0.03862042850826733
61,3.1212080001831053,1.627457823903727,1.7045742141642999,1.8482938180995596,,0.04524085230186397
62,3.1638534545898436,1.634750358282538,1.7193674407162822,1.8563697570379014,,0.0492140774740349
63,2.9594852447509767,1.6322842664594968,1.690361950930416,1.8535645361169188,,0.03435813521414857
64,2.9742151260375977,1.6203660363406533,1.650712465950815,1.8507715864042782,,0.018383837425424678
65,2.873076057434082,1.6033820493534015,1.656165199533891,1.835369586953979,,0.031870703596081386
66,2.844548797607422,1.5856911026307745,1.6886785783805187,1.8309936124336388,,0.060987020898027586
67,2.907546615600586,1.5661662357425854,1.6689382276221292,1.8145048928547138,,0.06157926649326699
68,2.8745115280151365,1.5609139857744267,1.621799262370796,1.812485238096617,,0.03754180804556863
69,2.7107315063476562,1.552563437801821,1.6058522432110682,1.8237828130675648,,0.03318412739063141
70,2.880997085571289,1.5302652660124956,1.6168559121903405,1.8185041581732224,,0.05355495534573725
71,2.714424705505371,1.526086947843819,1.6185559269317336,1.8076951472308502,,0.05713054306576001
72,2.615573501586914,1.5441073808952686,1.5861525379578467,1.816872673304579,,0.02650763785727117
73,2.6284759521484373,1.5243853982555138,1.5864958568334369,1.7859375864742122,,0.039149461569910636
74,2.5444154739379883,1.5184480477333577,1.5920277666781641,1.7716486940067724,,0.04621761032367779
75,2.6653202056884764,1.5271843103382148,1.589928587602488,1.7643262550659184,,0.039463582046089025
76,2.6138309478759765,1.5399475673263887,1.5803246259334025,1.7664015337870476,,0.02554985092582829
77,2.5244142532348635,1.529876843983866,1.5701412477465475,1.7588156341402248,,0.025643809956886806
78,2.657505226135254,1.5147063581474802,1.5517013041345116,1.7482921856005336,,0.023841538244801515
79,2.5216583251953124,1.495986331667451,1.52252606564721,1.7461950911700894,,0.017431382344496725
80,2.358663558959961,1.4873723169207635,1.5146501601288378,1.7591456352242565,,0.018009335704129832
81,2.2767261505126952,1.487428962611345,1.505256918308256,1.7604225183273425,,0.011843795886317964
82,2.316783905029297,1.4987436421403357,1.4978979065386886,1.7651361583483276,,-0.0005646149834079436
83,2.3132022857666015,1.5002992868890686,1.5234910345006785,1.7818271248294302,,0.015222766059277118
84,2.3482555389404296,1.4984578062365326,1.5461520839908272,1.8098352499466859,,0.03084708047036952
85,2.360149383544922,1.5108838716916175,1.5767039502450548,1.8194883765848613,,0.04174536287754426
86,2.2643089294433594,1.516060982787803,1.5918590267362898,1.8157187979914684,,0.047616053102322545
87,2.3008777618408205,1.5039459549327296,1.5882949958346624,1.7893675657019832,,0.05310665910497729
88,2.4174083709716796,1.4785175360804366,1.5503613209884572,1.766428382831012,,0.04634002663470445
89,2.291387176513672,1.4520693446569684,1.5163334367934975,1.7452877638301918,,0.04238124054853313
90,2.264074516296387,1.4357578563684674,1.4982413155827772,1.7393828860101233,,0.04170453622152671
91,2.282498359680176,1.4377737809524127,1.4795052837903486,1.7391506738267921,,0.02820638986230848
92,2.289684867858887,1.433593163863814,1.481498341479453,1.7477605219619103,,0.03233562689499869
93,2.13525505065918,1.4186829081853964,1.4953563239151766,1.7538844781289333,,0.051274344785617404
94,2.1324716567993165,1.4236791710402796,1.5070083084376675,1.7587529613324535,,0.05529441140492195
95,2.1413450241088867,1.4227596820265886,1.5223009805557401,1.7583188278579192,,0.06538871077440439
96,2.2481382369995115,1.4144058194306015,1.519661921680936,1.7538087785724579,,0.06926284112844523
97,2.027336311340332,1.4102607982543467,1.5193172252640714,1.748378342183346,,0.07177989243870365
98,2.1747146606445313,1.4264467709790545,1.520739785404333,1.755865319404938,,0.06200470016651004
99,2.0984596252441405,1.4214882549089376,1.5506189779184234,1.7461898405512841,,0.08327688803527546
100,2.122159004211426,1.4129326161061515,1.5604104055223795,1.748006642507097,,0.09451218018945265
101,2.1367897033691405,1.3958737337558842,1.5561679391632983,1.746809208962308,,0.10300572410815712
102,2.139800453186035,1.38876808641591,1.5161077251414896,1.7435496471641432,,0.0839911548591943
103,2.056369400024414,1.3748142569825457,1.5097150832964947,1.744721066790241,,0.08935515568897295
104,1.9432743072509766,1.3701931524249347,1.520673510309742,1.7643653800090624,,0.09895638798505561
105,2.043422508239746,1.3738787729933237,1.5484888322804795,1.7752956333139551,,0.11276158771516956
106,1.9537364959716796,1.3616539315574117,1.5382003305064877,1.7497104593978696,,0.11477464634983152
107,1.9507648468017578,1.3522478419578383,1.5226577317601961,1.7338927387991745,,0.11191608346897734
108,1.8929864883422851,1.3522644291259711,1.538333674954889,1.7403749132948174,,0.12095506251878307
109,2.075822448730469,1.346831925188689,1.5648028763213,1.7429026724929044,,0.1392961084306283
110,1.9156044006347657,1.338675562468399,1.567247628482897,1.7122598703343137,,0.1458429809434497
111,1.8474082946777344,1.3160095585477334,1.543289344479946,1.6862854928242155,,0.14726971759712423
112,1.900514793395996,1.2934465576630043,1.5288372136725477,1.678548335452755,,0.1539671155989798
113,1.9668998718261719,1.2840595936643815,1.5308626068915188,1.664565920144783,,0.16121826486328594
114,1.93536376953125,1.2880912690811728,1.5170557720892262,1.6479481602726491,,0.15092688562974385
115,1.8968568801879884,1.2865079545116267,1.475979704432138,1.6474399364841756,,0.1283701593941686
116,1.8137571334838867,1.2795070537347826,1.483138841115835,1.6658518771073356,,0.1372978589299507
117,1.7928239822387695,1.2735774599819953,1.489076160234256,1.6538876580007857,,0.14471973026440713
118,1.912542724609375,1.2729565736790471,1.5072754511710935,1.649910999418891,,0.15545856419939028
119,2.0324615478515624,1.2676066072660797,1.512344989708928,1.64707079309325,,0.16182708582249591
120,1.8685632705688477,1.26362768357596,1.4990021159941564,1.6441574241465775,,0.1570207472736577
121,1.8487615585327148,1.2587490392764051,1.4803851747446013,1.6355964000010463,,0.14971518173061496
122,1.8665372848510742,1.2624105333028568,1.4747950938062175,1.643457410652404,,0.14400953827099405
123,1.8382068634033204,1.2605830880074358,1.4628005572210867,1.6442330833949845,,0.13823994543576584
124,1.7564611434936523,1.2690169678298973,1.4600081769522677,1.6756008305315087,,0.13081516400891674
125,1.7520795822143556,1.277624580574967,1.4811617640941297,1.6951334463380927,,0.13741725478826738
126,1.8838674545288085,1.2792916612024612,1.5200456309882255,1.7020684064864327,,0.15838601478643982
127,1.8787359237670898,1.2834859667124292,1.5333918888749922,1.7089841090135574,,0.16297589936119472
128,1.7845188140869142,1.272142610564129,1.4951128768145665,1.6844205293127998,,0.14913273085139228
129,1.7329071044921875,1.2633406785691685,1.472356739887104,1.6806503781722957,,0.14196020275219592
130,1.7514022827148437,1.2585600956297438,1.489261212903286,1.6968234969772757,,0.15490977356738841
131,1.694051742553711,1.2445888975373538,1.494848572782238,1.6858490582987506,,0.16741473337268978
132,1.742150115966797,1.2320109110217836,1.4938066031081605,1.6854802390218546,,0.1752540734132913
133,1.7365331649780273,1.2261933950532724,1.492924678425397,1.6680673934563792,,0.1786635904856558
134,1.6621807098388672,1.223600691612545,1.4965175855540165,1.6501534744842423,,0.1823679832271644
135,1.5989953994750976,1.228054919390797,1.50204561502884,1.6490988008927334,,0.18241170101400825
136,1.7511428833007812,1.2356479770888291,1.524424426651751,1.679301701606916,,0.18943310308743289
137,1.6221733093261719,1.2618153183321714,1.5603469971529491,1.716089081782297,,0.19132390382747336
138,1.7782629013061524,1.2816566683881128,1.569609537925509,1.7336319255941086,,0.1834550966847285
139,1.7367443084716796,1.2686340214851102,1.5513065082639417,1.7199903795128144,,0.1822157550896687
140,1.6707073211669923,1.2496049199049546,1.4946538717073012,1.6960662129950224,,0.1639503007625666
141,1.6305732727050781,1.2442485175507023,1.4744964084978118,1.6937703298515467,,0.15615357868635404
142,1.7353885650634766,1.241695171732239,1.4846014375399066,1.7095057863076615,,0.1636171565414762
143,1.745180892944336,1.2506364804612444,1.5162256757197075,1.7298096394748277,,0.17516468657107767
144,1.7542381286621094,1.237065799658304,1.5030969353908077,1.724042489027141,,0.17698867549306463
145,1.7469505310058593,1.2260581724103596,1.4775116818753773,1.7070829894218995,,0.17018715489670616
146,1.8377626419067383,1.214196527006819,1.4685059807543461,1.6892860984079872,,0.17317563365788463
147,1.5575701713562011,1.2034217378885559,1.4401607018653824,1.6846106230901758,,0.16438371333851007
148,1.6948539733886718,1.203123027174368,1.4495203859073085,1.6927990870836267,,0.1699854387206229
149,1.6979251861572267,1.201755862854477,1.4614886768554098,1.709479521274136,,0.17771797901286718
150,1.6084159851074218,1.1986030458605055,1.4521964875288749,1.7138087526219268,,0.17462749968490546
151,1.6384550094604493,1.2067005019387882,1.4798692294461677,1.7376911585928143,,0.18458977460434886
152,1.7104442596435547,1.2129499342502335,1.502174577540932,1.7636146594754742,,0.19253730399575855
153,1.7332822799682617,1.207987099289661,1.4447563117594822,1.755240776468416,,0.16388176368752044
154,1.5332020759582519,1.218002587925708,1.421969201833467,1.7588923424735563,,0.14343954401035372
155,1.5448349952697753,1.2163291323207268,1.4276885082735404,1.7635076090206034,,0.148043060323014
156,1.598428726196289,1.2158645175693148,1.415637083372767,1.7442922115491946,,0.14111848873546912
157,1.5032320022583008,1.2158861272037373,1.4031486351634157,1.7135473649865085,,0.13345878210391382
158,1.6035511016845703,1.2057849020063096,1.3816174868033153,1.6902117638476561,,0.1272657493673116
159,1.558863925933838,1.198054423368843,1.391938283409873,1.7042373706784664,,0.13929055788742792
160,1.535614013671875,1.2122260263616138,1.443081812141969,1.7365206833070477,,0.15997414965524068
161,1.5371289253234863,1.2202602284396182,1.4725804593076164,1.7523787104031283,,0.1713456329487321
162,1.632476806640625,1.2265076090703924,1.4774518061795041,1.7618198178536417,,0.16984932845831394
163,1.4445012092590332,1.2240086289779466,1.497489082620616,1.7456536415802124,,0.18262600830723702
164,1.5495843887329102,1.1952197767065151,1.493885717622952,1.693919974859712,,0.19992556150256902
165,1.4449579238891601,1.1714290034349315,1.4738444787980447,1.663632141103894,,0.20518818621198096
166,1.4617278099060058,1.1785310687739807,1.480847338633307,1.6576656706488684,,0.20415086820383377
167,1.5064510345458983,1.1726148132272793,1.4688198749748753,1.6365148437386734,,0.20166193744666117
168,1.4554728507995605,1.1638715184341126,1.46571990801231,1.625302570572043,,0.20593865712552106
169,1.456212615966797,1.1667546383213825,1.4771497250880383,1.6516730742001617,,0.2101310933447564
170,1.460006332397461,1.1786257438698517,1.496264909307575,1.6713252720808847,,0.21228805371417608
171,1.461736297607422,1.1913461453885732,1.5139638263871966,1.685285756092812,,0.21309470898554606
172,1.498224925994873,1.192619926359894,1.500454704469348,1.6802762679939067,,0.20516099365913418
173,1.3702579498291017,1.1727023107087933,1.4684219415838595,1.663267339920896,,0.20138600663791437
174,1.5047771453857421,1.1486063977929903,1.429809119567305,1.6717699833894013,,0.19667151225012014
175,1.4904849052429199,1.1423114026408523,1.4214597242439486,1.6966681458573565,,0.1963814498870665
176,1.4894081115722657,1.1616538189565628,1.4496426971325262,1.7097193467471874,,0.198661972874848
177,1.412907028198242,1.1768368513524217,1.4796715298691439,1.7014229610021538,,0.2046634488828096
178,1.461256504058838,1.193649850946865,1.4617818489988506,1.699536405732823,,0.1834281895315807
179,1.4486007690429688,1.1892726803784233,1.4645641056625542,1.7384925986500663,,0.18796816351005124
180,1.5328610420227051,1.1788006972190952,1.4412308619203855,1.733602308702454,,0.18208752784520038
181,1.4902113914489745,1.1775508211754315,1.4291283131422896,1.7379627306122507,,0.17603562231140965
182,1.414192008972168,1.190258346484765,1.4475000558315672,1.7340254466457539,,0.1777144728322796
183,1.381894302368164,1.176824064656125,1.4476713266505568,1.7068548788865445,,0.18709168096952278
184,1.3956097602844237,1.1572095100842548,1.4271801139708788,1.6745881337637856,,0.189163653027282
185,1.2851383209228515,1.1389679602434761,1.3966624366544294,1.636506504293277,,0.18450734382764356
186,1.390376091003418,1.124667826504137,1.3833195507389635,1.591328083148275,,0.186979012981242
187,1.4827272415161132,1.118983612287537,1.3841581965144458,1.5779466468497276,,0.19157823498402507
188,1.3913684844970704,1.1308161277376718,1.3793591163800671,1.5866053916122727,,0.1801872954554875
189,1.3675485610961915,1.1474950000157356,1.3747001160029628,1.5998451876399364,,0.16527613065738447
190,1.3418922424316406,1.1610281900312458,1.3732221374775284,1.6284868950999851,,0.15452266727658617
191,1.3466349601745606,1.167552324495316,1.388963508639773,1.641978183750662,,0.15940748822212558
192,1.3247093200683593,1.1786571222516669,1.4140763992636731,1.660570706207686,,0.16648271418332983
193,1.3936574935913086,1.1802213748292802,1.4251907019494692,1.6659256225646737,,0.17188529702383257
194,1.2474552154541017,1.1805103067713114,1.4349181146168433,1.6600374032448588,,0.1772977881134804
195,1.3720624923706055,1.1827853275073879,1.4319144149210623,1.6481420527202106,,0.17398322470788752
196,1.2505306243896483,1.1906896380096825,1.431542367143516,1.6741191681641567,,0.16824701431256156
197,1.3876047134399414,1.1914498117131156,1.4469630587370463,1.7076502070848953,,0.17658588136102835
198,1.297474479675293,1.1746712409564402,1.4281537464865033,1.7001980400594834,,0.1774896478433589
199,1.2629487991333008,1.1523128407100496,1.4111126306054753,1.6839982425840503,,0.1834012284224122
200,1.2822863578796386,1.1228731951951114,1.3946727207321226,1.644317371223355,,0.19488409108219462
201,1.4452298164367676,1.1111916749815192,1.3829381300699286,1.6347748355227585,,0.19649935827184728
202,1.3079374313354493,1.122223443998623,1.3773038754519378,1.6232230749464835,,0.18520272541135102
203,1.2607521057128905,1.1293811346207063,1.364460283979224,1.6056486880204783,,0.17228727880077824
204,1.3257427215576172,1.1329239548032204,1.3606427366916463,1.5930038882429987,,0.1673611858187814
205,1.3585556030273438,1.1444382356338483,1.37815265767801,1.6033147929049572,,0.16958529284987714
206,1.3337843894958497,1.1210503753622882,1.3492677227686796,1.5847181382885727,,0.1691416340547244
207,1.2907699584960937,1.1043682814170561,1.3344167966168523,1.568430669389192,,0.17239629760584424
208,1.2865269660949707,1.0984527135873985,1.3402597842815958,1.5611815822818302,,0.18041806038656183
209,1.2786819458007812,1.1084171451177307,1.3573721416203686,1.5900205841456851,,0.1834095373472501
210,1.2884485244750976,1.1306290911793733,1.381448679026732,1.6207865552091745,,0.18156272589443417
211,1.237264347076416,1.1507408120190126,1.3816956695700053,1.650016415342861,,0.1671532035870589
212,1.2854039192199707,1.1433282120987882,1.364198089780241,1.6603162152278512,,0.1619045498861773
213,1.2507394790649413,1.1344320982540124,1.3512803991126745,1.6635785792567148,,0.16047616838152667
214,1.2302112579345703,1.1348746778500485,1.3457460338443166,1.6632833428663034,,0.1566947631210057
215,1.2635766983032226,1.1184988554147326,1.3308250530254955,1.6454219189220571,,0.1595447854908208
216,1.28414888381958,1.0986272272357165,1.3306190731684853,1.6228151426037354,,0.1743488054626687
217,1.3754776000976563,1.0889348944718595,1.3417295961672842,1.6099776356073294,,0.18840957404349207
218,1.3376107215881348,1.0820209296487495,1.3281857719058536,1.5833441222646578,,0.1853391652463456
219,1.2801494598388672,1.0843117143175682,1.3328019053170268,1.5699485687761106,,0.1864419536077655
220,1.1762773513793945,1.0972403578250225,1.3655123261515334,1.5859562834021779,,0.19646250216033587
221,1.2345926284790039,1.1056641468330217,1.370650438366314,1.6005388576608495,,0.1933288635205421
222,1.2678510665893554,1.0975328262710289,1.3504208654189664,1.6091696285618609,,0.1872660928335696
223,1.3215027809143067,1.1003324243702155,1.3326463377513325,1.6386036478303414,,0.17432525554613124
224,1.273819637298584,1.109406298270364,1.3242827930073184,1.6542626369280882,,0.1622587681963235
225,1.3234897613525392,1.1086596729027096,1.3372409086497399,1.6541467554217066,,0.17093497085565304
226,1.369041347503662,1.1081501740583906,1.382744884641291,1.663605677144444,,0.19858667613450282
227,1.347736930847168,1.122705948443741,1.410586193078334,1.6946451273626868,,0.20408553978991506
228,1.192485523223877,1.0983329172022056,1.3882119495739418,1.660999505152243,,0.20881467881090016
229,1.1056416511535645,1.069995067020386,1.351053037630235,1.5959542547592886,,0.20802882106155393
230,1.430275821685791,1.0683137938447202,1.3552010722738337,1.5905429723857951,,0.21169351493188948
231,1.1531207084655761,1.099793405668988,1.37975092297557,1.6249087893675485,,0.2029043884984877
232,1.3313478469848632,1.1191810619384537,1.3863219190919156,1.6390640066315616,,0.1926975643063103
233,1.1874147415161134,1.1264091001913783,1.3846030123244935,1.631103206781453,,0.18647504724090924
234,1.1905110359191895,1.1237333735478443,1.3949177587416721,1.6186308121676247,,0.19440886998130838
235,1.1083179473876954,1.1114938619565284,1.3886744055201001,1.608960839750775,,0.1996008153255761
236,1.2184616088867188,1.0971389411125492,1.3767168318910128,1.6042026396532032,,0.20307581363296376
237,1.2287278175354004,1.0617554427230895,1.3409230357811721,1.5575384771030043,,0.2081906161716805
238,1.2628522872924806,1.0593503999777352,1.333026623269726,1.5482884717412204,,0.20530439416183735
239,1.2464905738830567,1.065915593973531,1.3648277506181004,1.5767861584179772,,0.21901090193190947
240,1.1464950561523437,1.096621217507138,1.437624499750736,1.6213935120176342,,0.23719913113801497
241,1.1739410400390624,1.1110130806092613,1.4539801288295413,1.6189187182017353,,0.23588152370168194
242,1.2188631057739259,1.10312313077007,1.4218715972310767,1.5930195322076846,,0.2241752821293645
243,1.1275553703308105,1.1028217996272316,1.4109148185439797,1.5882433283858441,,0.21836401097175417
244,1.2073709487915039,1.0976995202198694,1.402381285810207,1.597002661369014,,0.21726029053098192
245,1.0658679008483887,1.1011944390162263,1.4081351885587443,1.6226401112418407,,0.21797676248448722
246,1.1848304748535157,1.0976589462020954,1.4216525309030796,1.6519510744838812,,0.22789927753666578
247,1.2180695533752441,1.080154248803804,1.420624830293538,1.6467684835569112,,0.23966255849504187
248,1.1862898826599122,1.073705834612879,1.4218635108568265,1.628656994422179,,0.2448601244673231
249,1.201005744934082,1.0763475615654854,1.4402342842424625,1.648772921147251,,0.2526580061718049
250,1.1783546447753905,1.0825605642953688,1.4712645474197459,1.6692962402195237,,0.2641972062781455
251,1.1789947509765626,1.0766739941534664,1.4726166652967674,1.6497851061787971,,0.26887015506069195
252,1.1200642585754395,1.0768312707658085,1.4396090990017774,1.6255894143561014,,0.25199745436974413
253,1.2284395217895507,1.0910518878214956,1.4183284580971516,1.6052060658294456,,0.23074808124116367
254,1.1632761001586913,1.083557032617853,1.414428621502569,1.6088485907326415,,0.23392597113400188
255,1.2312812805175781,1.0923435889633382,1.4358016372293958,1.6231675558318257,,0.2392099572534363
256,1.1694623947143554,1.0770891325593086,1.413311926640221,1.6114322896919653,,0.23789708962563844
257,1.1885913848876952,1.0512270558727697,1.368114657081795,1.5915077818914505,,0.23162357012163762
258,1.1230520248413085,1.0471483003756132,1.3622757219073078,1.588644414370564,,0.23132425871209686
259,1.1706666946411133,1.0634529909311623,1.4208193473711974,1.60223255855169,,0.25152131909044945
260,1.0057479858398437,1.0960654738408917,1.4649485935918558,1.619521425366004,,0.25180618716900677
261,1.266509437561035,1.0936725120855821,1.4420272011870865,1.5995719656304763,,0.2415728973869123
262,1.144295597076416,1.0875243809043087,1.4040290518735967,1.5874934902289615,,0.22542601276443006
263,1.1616432189941406,1.0861533805629364,1.3972303374741677,1.5982142913373842,,0.22263827843416156
264,1.0829145431518554,1.0839065143873292,1.3930588947029212,1.604723659499516,,0.22192341005189212
265,1.0773508071899414,1.0880881602676469,1.3947771323935039,1.6109807225137187,,0.21988385456217233
266,1.1004804611206054,1.0968609214798073,1.4082525862738635,1.6172176875258277,,0.22111918545662074
267,1.110081100463867,1.0994170519532054,1.3919966131111756,1.614197987579144,,0.21018697775710937
268,1.231559658050537,1.0792130857791202,1.3311583499252526,1.59725948877909,,0.18926768867150903
269,1.1180549621582032,1.0771560915929048,1.317662285695217,1.5975060465961934,,0.18252491303218693
270,1.1601285934448242,1.0715946743285973,1.3140544567826367,1.5858906130250428,,0.18451273552823969
271,1.0817307472229003,1.0548369581517523,1.2929508524539994,1.5776024957978683,,0.18416314421411373
272,1.1254490852355956,1.0447059995396248,1.28185763924411,1.5595755582190365,converged,0.18500622256643837
273,1.0639667510986328,1.0495908153435762,1.2888385802958748,1.5488904560653183,,0.18563051153960275
274,1.0573992729187012,1.046676878446614,1.2906698879188483,1.5449945651506287,,0.18904369874597668
275,1.0312533378601074,1.053172108420492,1.3132468724177178,1.5560737502067243,,0.19803950762008837
276,1.060422706604004,1.0625463616108457,1.3327668822899188,1.5636584945016643,,0.20275152711987302
277,1.0950387954711913,1.0579588645046458,1.3356056378219716,1.5684586612614366,,0.20788080362560918
278,1.1445792198181153,1.057750604875045,1.348342212054994,1.577059509047067,,0.21551769616191238
279,1.1570310592651367,1.0593300772094363,1.3513433091186156,1.5731591236311464,,0.21609107762529908
280,1.0808988571166993,1.0633253711223938,1.3472927407226982,1.5717736648723561,,0.21076887080084922
281,1.0854010581970215,1.0604961312130707,1.340839465512103,1.5695090598668655,,0.20908046153904153
282,1.1467182159423828,1.0521190243570122,1.3352216013957043,1.5637369405849824,,0.21202666040061485
283,1.0613578796386718,1.046339911902853,1.3371370617798601,1.5557926767712045,,0.2174774435538626
284,1.0318497657775878,1.0446265059777713,1.3374382477866622,1.566240093255671,,0.21893477496510028
285,1.0920352935791016,1.0295911763235297,1.307213622419198,1.5628713782411214,,0.21237725902969523
286,1.0238466262817383,1.0353451582457023,1.3053327099154304,1.5654356751539484,,0.20683428034774368
287,1.1320209503173828,1.0494947422886456,1.3194720150227777,1.5534447400481404,,0.20461007862260083
288,1.1224024772644043,1.0549501608372853,1.3470694698350425,1.5559008562650791,,0.2168554150615032
289,1.0297807693481444,1.0374464134470895,1.3333316842643712,1.552597548487179,,0.22191422757685997
290,1.1069503784179688,1.0260439291836916,1.314741656734057,1.5294041572547943,,0.21958513756042233
291,1.0862500190734863,1.0223781902553974,1.3101718563714386,1.5308228870793017,,0.21966100455942827
292,1.0599342346191407,1.0307847906785688,1.3341959653628173,1.55923095160695,,0.22741125184090913
293,1.0990790367126464,1.0445634741415089,1.3632942224267326,1.595186380769279,,0.23379454195725036
294,0.9905157089233398,1.0570413234035678,1.3869800506175318,1.6352688806572837,,0.2378828210737882
295,1.0272573471069335,1.0579188989173702,1.3949133173455768,1.6373620942292126,,0.24158807162977233
296,1.2073725700378417,1.0532145266459843,1.3841430152938567,1.616315709275921,,0.23908547382122622
297,1.0613503456115723,1.0642494202615065,1.390494267434352,1.6066698630946972,,0.23462509325896816
298,1.0134769439697267,1.0345674176644446,1.3669325628049949,1.6014907658554935,,0.24314670246681738
299,1.0032159805297851,1.0096140642419749,1.3582811738320177,1.6024515809517272,,0.2566972997250446
300,1.0502517700195313,1.010265117197616,1.3442777468694278,1.601403851709256,,0.24846995380951958
301,1.0995975494384767,1.0222069183117113,1.345629321259561,1.6207330280602446,,0.24035029397628896
302,1.0096670150756837,1.0306655523232964,1.345996801930077,1.6441044172204153,,0.23427340180497822
303,0.9426322937011719,1.0274417665206117,1.3439279003192341,1.6575434821041262,,0.23549338749753235
304,1.039377212524414,1.0111639008338085,1.3335019201206284,1.6477195505335807,,0.24172295099332236
305,1.052108383178711,1.0013927593356697,1.3303675128835954,1.6243360771215665,,0.2472811086876791
306,1.0131962776184082,1.0119434772411326,1.3419214844307255,1.6298268085536667,,0.24589963795801154
307,0.9655757904052734,1.0400183312589775,1.3963981846551476,1.6612306214990469,,0.2552136326961648
308,0.992716121673584,1.0530789362530357,1.4384971862083817,1.6741860207697663,,0.26793118099260155
309,1.014258575439453,1.0530744410236554,1.4491370187818624,1.666890149655742,,0.2733092679470263
310,1.07562198638916,1.0263865626635964,1.4158417737512932,1.635434545517205,,0.2750697276404196
311,0.9332727432250977,1.0139588826060213,1.3882015499477975,1.6185814155992655,,0.26958813535098664
312,1.0417216300964356,1.0152312243291632,1.3835923217837347,1.6177519591849434,,0.26623528596897555
313,0.9456995010375977,1.009598470628765,1.371483530888494,1.6197538913743896,,0.26386394886221304
314,1.1207764625549317,1.0101586146624415,1.366534787526693,1.6236024190082368,,0.2607882185782192
315,0.9760051727294922,1.0035483251046313,1.3636273280207898,1.6229489930346488,,0.26405968516250555
316,0.8909603118896484,1.0110844116351696,1.3881125223898105,1.633447251799134,,0.2716120665099538
317,1.0112347602844238,1.0335172317218344,1.4165504661359851,1.6466591079995516,,0.27039857991009303
318,1.0250762939453124,1.0422457187739311,1.4205156800132632,1.6509787422497535,,0.2662905919037798
319,1.0305156707763672,1.025304099503842,1.39985550536009,1.6360267061557208,,0.2675643339059489
320,0.9148632049560547,0.987989824983802,1.3631281020010124,1.6022381238028298,,0.27520397860371587
321,0.9436911582946778,0.9770954405049492,1.3523030304856805,1.5972965877998482,,0.2774582186996765
322,0.9319544792175293,0.9820426496916349,1.34995580591197,1.6036805371161102,,0.2725371857427506
323,1.0034613609313965,1.0091743620886395,1.369515025997611,1.625470904927374,,0.263115524158988
324,0.9410581588745117,1.0024434978156667,1.3534471826637962,1.6180951805896524,,0.25934051165358313
325,1.0921312332153321,0.9936863776736489,1.3494893512660044,1.609837180826614,,0.2636574888557394
326,1.0278870582580566,1.0021621010244663,1.3623849122447933,1.6174240691126478,,0.2644060485276441
327,0.8838170051574707,1.0095259030546626,1.3724733458798406,1.6186759625140312,,0.264447716900838
328,0.9496086120605469,1.0163992428444546,1.357488382929396,1.6139910356448353,,0.251264868542659
329,1.059194564819336,1.0122535418834648,1.337579955849489,1.599279911607526,,0.24322016231127752
330,0.985780906677246,1.0193397164725404,1.3338886834146717,1.596768960931022,,0.23581350591932873
331,1.0593628883361816,1.0251663244159255,1.3360542006766156,1.6012164852446895,,0.23269106605349374
332,0.9970290184020996,1.0288253804074132,1.355057972162758,1.606565043404307,,0.24075176004068446
333,0.953306770324707,1.0270475859543329,1.369679865123655,1.6061447007688119,,0.25015500913302047
334,1.0385513305664062,1.023314030363446,1.3751462356153163,1.604760771888522,,0.25585075691563897
335,0.9666098594665528,1.011843806491421,1.3617189984656604,1.597732189844564,,0.256936410792878
336,0.8955778121948242,0.9815463962629557,1.3230640259312847,1.5760810624307175,,0.25812630604020836
337,0.9269630432128906,0.9578937008725881,1.3063464024708067,1.5649013250130388,,0.2667383635298874
338,0.9196354866027832,0.9581598782936479,1.3276677592283543,1.5699350492985782,,0.27831351508412455
339,0.9666613578796387,0.9466510522665651,1.2861062822637466,1.557454929682015,,0.26394026269717585
340,0.865784740447998,0.9562276219174359,1.2838678350116326,1.570300381781547,,0.25519777360200635
341,0.9206578254699707,0.9795095047355135,1.2975553553936954,1.5812714411799744,,0.24511158567233737
342,1.0001216888427735,0.9915972558747925,1.3080172978107425,1.5835875618812547,,0.24190814790106308
343,0.9877735137939453,0.9733216064214874,1.299592233210335,1.5621223977587737,,0.251056153192662
344,0.8294614791870117,0.9479531011906767,1.2722979354004345,1.521454697358873,,0.2549283663717301
345,0.8503013610839844,0.945024448596474,1.3126904985439662,1.5339926022127113,,0.2800858620941545
346,1.061467456817627,0.9456584945172289,1.3282259218541779,1.5385018844286869,,0.2880288820164661
347,0.9083843231201172,0.9446233925882854,1.3045756312091938,1.5288086476433596,,0.27591519419021604
348,0.8691720962524414,0.9406105528379785,1.2815684342096756,1.5153779629972366,,0.2660473465718285
349,0.9762323379516602,0.9640177920143117,1.2799368314318962,1.5283587401815972,,0.24682393041550202
350,1.0205062866210937,0.985960326947865,1.3018371795197117,1.5478041452911284,,0.2426392927941907
351,0.9249410629272461,0.9798897564399243,1.2893356486069263,1.5340126209333718,,0.24000413895430991
352,0.9227215766906738,0.9608894078039815,1.2731196765452382,1.5075445266121095,,0.2452481683328709
353,0.923038101196289,0.9474774965747664,1.275383693978746,1.4873397742549652,,0.25710395934342567
354,0.9285611152648926,0.9342824301901009,1.2787586476484594,1.4782796809005072,,0.269383294566042
355,0.9910697937011719,0.9257673419787373,1.2787232849027197,1.4892840920771067,,0.27602214418957255
356,0.8428579330444336,0.9275284419165353,1.28228789435293,1.4857328978593263,,0.27666131295376056
357,0.888450813293457,0.940146806637174,1.2729009687689703,1.4743288534655228,,0.2614140222185586
358,0.8364711761474609,0.9652061868010736,1.3192074358414496,1.5075483493681783,,0.2683438854440493
359,0.8559076309204101,1.006658372505003,1.3607044352318456,1.5613643976563463,,0.26019321577835386
360,0.9240196228027344,1.0016657569787082,1.3629937885554446,1.5715748344256155,,0.2650988101418176
361,0.9848556518554688,0.9751868977521061,1.3347430621143004,1.5549494179360521,,0.26938230627896215
362,1.0990707397460937,0.957530990307345,1.3231435009581447,1.5614336697873,,0.2763211325045576
363,1.0125597953796386,0.9455036651541378,1.322823380105491,1.5655410643383334,,0.2852381660515126
364,0.8170045852661133,0.9316500347363511,1.3070098486702992,1.5390188505450324,,0.2871897364169249
365,0.8595130920410157,0.9290732752103286,1.3121253217162827,1.5287404546963197,,0.2919325160228715
366,0.950071907043457,0.9352765673666875,1.3197671975966714,1.5463437893740035,,0.2913321614070654
367,0.7937153339385986,0.9488178787509972,1.321943521110008,1.5593210756739568,,0.28225535841781274
368,1.023126220703125,0.9567579268718899,1.3296605067938299,1.5633648161412543,,0.2804494666244609
369,0.9588511466979981,0.9494016274781425,1.332589182245801,1.5573986642908058,,0.28755115220271843
370,0.8141329765319825,0.9414295943684254,1.3545457801598784,1.5526333416944997,,0.3049850302901482
371,0.8480566024780274,0.9592499578946411,1.3996148922590186,1.5957987237628197,,0.3146329299580514
372,0.8742753982543945,0.9612279112773007,1.40271841273547,1.6083781584024122,,0.31473922167829077
