expt,physics_ml,physics,ml
-3.82,-4.4871625823974615,-8.342,3.8548374
-2.93,-2.3383732223510743,-4.915,2.5766268
-0.98,-1.6477892494201662,-0.5100000000000002,-1.1377892
-0.74,-1.0327334175109866,-1.7760000000000002,0.7432666
-1.59,-1.8896457233428956,-0.3540000000000001,-1.5356457
-3.75,-3.1082729930877684,-3.437,0.328727
-4.55,-4.469814859390259,-3.886,-0.58381486
-2.73,-2.759852255821228,-2.164,-0.59585226
-0.53,-1.278250518202782,-1.1310000000000002,-0.14725052
-0.25,-0.6332887561321261,-0.1470000000000002,-0.48628876
-5.48,-4.542937210083008,-2.5780000000000003,-1.9649372
2.51,1.5844654455184934,2.514,-0.92953455
-0.64,1.6674072685241699,2.819,-1.1515927
-0.83,-0.7911019163131714,1.117,-1.9081019
-6.88,-4.585755731582642,-7.502000000000001,2.9162443
-4.84,-4.615288411140442,-3.836,-0.7792884
-5.22,0.3105371036529543,2.454,-2.143463
-0.83,-1.153048415184021,-0.395,-0.7580484
-0.68,-0.5470490837097168,0.3349999999999999,-0.8820491
-4.93,-4.835128288984299,-4.612,-0.22312829
-8.42,-11.90256231880188,-15.736,3.8334377
-6.16,-5.414464241504669,-4.644,-0.77046424
-2.23,-1.5962602424621584,-3.18,1.5837398
-0.53,-1.7293529472351077,0.5789999999999997,-2.308353
-4.47,-4.167503042221069,-2.9200000000000004,-1.247503
-7.17,-6.391382134437562,-4.813000000000001,-1.5783821
-2.78,-3.5964973907470705,-6.998,3.4015026
3.43,3.3552593421936034,0.92,2.4352593
-11.0,-9.435843957901001,-13.089,3.653156
-6.21,-7.098103012084961,-9.289,2.190897
-5.71,-6.570320064544678,-9.407,2.83668
-5.26,-5.174872483253479,-4.414,-0.7608725
-1.14,-1.6982157707214358,-0.6750000000000003,-1.0232158
-2.4,-2.435505479812622,-3.919,1.4834945
-2.33,-1.7905614137649533,-0.5999999999999996,-1.1905614
2.38,1.5484546432495119,2.551,-1.0025454
-1.62,-1.0370934181213376,1.2070000000000003,-2.2440934
-6.79,-6.5209729156494145,-5.371,-1.1499729
-1.1,-2.1000066990852355,-1.162,-0.9380067
-0.9,-1.414400222301483,-0.815,-0.5994002
-3.52,-3.3637101974487305,-4.359,0.9952898
-1.43,-1.177763337135315,-0.0689999999999999,-1.1087633
0.0,0.03459392929077154,1.064,-1.0294061
1.47,0.6155613021850588,2.083,-1.4674387
-4.62,-4.526352910995483,-2.405,-2.121353
-2.38,-2.488270723581314,-2.106,-0.38227072
2.1,1.3011681537628172,2.348,-1.0468318
-9.34,-6.619684864044189,-5.351,-1.2686849
-10.0,-6.015362632751465,-9.663,3.6476374
-3.5,-2.335619022369386,-6.277000000000001,3.941381
-4.61,-3.4657783107757574,-4.9830000000000005,1.5172217
-2.07,-1.5557869033813478,-3.333,1.7772131
-0.33,-0.8291553630828856,0.1360000000000001,-0.96515536
-0.9,-0.823501178264618,0.0409999999999999,-0.8645012
-2.7,-2.940164389371872,-3.021,0.08083561
1.83,0.7594477033615112,1.76,-1.0005523
-3.9,-2.3518017063140872,-3.2510000000000003,0.8991983
-1.5,-1.1606156263351437,-0.4909999999999996,-0.6696156
-6.6,-5.9796975384950635,-6.148,0.16830246
2.0,0.8945560722351074,2.053,-1.1584439
-7.0,-9.642725494384766,-12.178,2.5352745
-10.78,-17.158819887161254,-20.947,3.78818
-0.46,-1.00747412443161,-1.375,0.36752588
-10.17,-8.606647282600402,-10.456,1.8493527
-2.75,-2.3281813087463377,-6.869,4.5408187
3.16,3.0566842765808104,4.122,-1.0653157
-10.21,-9.679951566696166,-13.469,3.7890484
-4.42,-5.764666434049606,-5.502,-0.26266643
-2.56,-3.0705107326507566,-6.337,3.2664893
-9.51,-8.122481786727905,-11.187,3.0645182
-5.0,-5.213279298782348,-3.754,-1.4592793
-14.21,-12.385146572113035,-15.301999999999998,2.9168534
2.55,2.6021597843170166,3.698,-1.0958402
-2.56,-2.5437437667846687,-4.239000000000001,1.6952562
-2.64,-2.583852785110473,-4.667999999999999,2.0841472
-5.22,-4.900034381866456,-4.1770000000000005,-0.7230344
-2.92,-2.3545192098617553,-2.835,0.4804808
-4.5,-2.7251310024261475,-0.891,-1.834131
-1.66,-2.007343119621277,-0.6440000000000001,-1.3633431
-11.85,-10.81015082359314,-13.96,3.1498492
-4.1,-3.6654988002777102,-5.445,1.7795012
-7.66,-7.227322276741267,-7.261000000000001,0.033677723
-1.93,-2.8376819081306457,-2.432,-0.4056819
-3.28,-3.3150849704742438,-4.063000000000001,0.747915
-1.36,-2.4023459796905517,-0.863,-1.539346
-1.23,-0.227731460571289,0.931,-1.1587315
0.25,0.5020406465530396,0.298,0.20404065
0.34,0.8746749262809754,1.723,-0.8483251
2.88,2.064407145500183,3.012,-0.94759285
-4.52,-4.695057403951884,-4.746,0.050942596
-2.26,-1.1821307229995726,-3.155,1.9728693
2.56,1.9518211975097657,2.939,-0.9871788
-5.33,-4.910235832571983,-4.789,-0.12123583
-9.65,-7.651649013519288,-9.316,1.664351
-0.78,-0.8666696062088008,0.6010000000000004,-1.4676696
1.23,1.4084637994766234,2.562,-1.1535362
-5.04,-6.841408315181733,-6.2780000000000005,-0.5634083
-9.8,-6.377168588638305,-7.93,1.5528314
-18.72,-18.01250708770752,-20.982,2.969493
-10.64,-8.13701681637764,-8.464,0.32698318
-2.22,-3.1760468201637266,-2.433,-0.7430468
0.75,-0.6168832473754884,1.632,-2.2488832
-4.01,-4.53455102300644,-3.986,-0.548551
-3.68,-3.5874739561080933,-5.516,1.928526
-0.4,-0.03086500072479259,0.7509999999999999,-0.781865
-1.24,-1.343721231937408,-1.4969999999999994,0.15327877
-4.39,-3.9914293098449707,-2.105,-1.8864293
-9.94,-8.566236522674561,-12.553,3.9867635
-6.13,-6.103788136005401,-5.236,-0.86778814
-6.13,-6.257649881839752,-5.67,-0.5876499
-6.09,-7.245346965789794,-9.69,2.444653
-4.69,-4.807192588567734,-5.032,0.22480741
-3.78,-3.3868859868049617,-2.5729999999999995,-0.813886
-1.4,-2.0152576236724853,-1.053,-0.9622576
1.16,0.12784846305847175,1.455,-1.3271515
-1.08,-1.0959919633865356,-0.0689999999999999,-1.026992
-4.31,-4.399881389617919,-7.677999999999999,3.2781186
-6.69,-7.673198642730712,-11.94,4.2668014
-0.85,-1.1485855407714847,-0.0820000000000003,-1.0665855
-7.65,-8.819134521484376,-9.675,0.8558655
-0.9,-1.1223980309963224,-1.2439999999999998,0.12160197
2.93,2.5577939586639404,3.508,-0.95020604
-2.93,-3.596261955022812,-3.357,-0.23926196
-4.85,-5.2204544010162355,-3.394,-1.8264544
-5.91,-5.233431688308716,-4.541,-0.6924317
-3.64,-2.954838735580444,-1.332,-1.6228387
2.88,2.4717931518554686,3.526,-1.0542068
-4.91,-5.483361600399017,-4.861,-0.6223616
-0.86,-0.9805324311256407,-0.0619999999999998,-0.91853243
-5.53,-5.413356487751007,-4.755,-0.6583565
-4.95,-4.749538364768028,-4.880999999999999,0.13146164
0.14,-0.21143044185638438,1.638,-1.8494304
-7.78,-8.781789546966552,-11.556,2.7742105
-1.92,-3.1430660667419437,-6.219,3.075934
-2.01,-2.4221065483093263,-0.7210000000000001,-1.7011065
-3.17,-0.3633543395996093,1.86,-2.2233543
-2.64,-1.63258763217926,-2.159,0.52641237
-4.04,-5.862332149982453,-5.059,-0.80333215
-0.11,0.2215693550109865,-2.542,2.7635694
-16.92,-17.67061252975464,-21.404,3.7333875
-3.88,-3.243945589065552,-1.6150000000000002,-1.6289456
-3.12,-3.0892869777679444,-0.907,-2.182287
-1.74,-1.8047585551738734,-1.3129999999999995,-0.49175856
-3.92,-2.66439626789093,-1.656,-1.0083963
-1.21,-1.1149907932281495,-0.1360000000000001,-0.9789908
-4.7,-3.291887168884278,-6.505000000000001,3.2131128
-5.94,-5.757371188312769,-5.766,0.008628812
-0.23,-0.19801713562011702,0.5590000000000002,-0.75701714
-2.11,-0.8562232036590576,-2.452,1.5957768
-4.09,-3.52751010799408,-1.889,-1.6385101
-8.11,-7.055210952997208,-7.174,0.11878905
-4.91,-3.9432217416763304,-4.606,0.66277826
-3.28,-3.888812386512756,-2.187,-1.7018124
-2.28,-1.6137705669403086,-3.136000000000001,1.5222294
2.06,2.086322247505188,3.037,-0.95067775
-2.82,-2.596513072013855,-1.841,-0.7555131
-1.24,-1.3394540839195255,-0.7430000000000003,-0.5964541
-0.19,0.03439803695678689,0.2559999999999998,-0.22160196
-2.89,-2.7445884881019595,-2.6060000000000003,-0.13858849
-8.84,-7.47353605222702,-7.702,0.22846395
-1.66,-0.8321925742626193,-0.4170000000000002,-0.41519257
-7.28,-6.681771730452775,-6.741999999999999,0.06022827
-4.7,-3.960499143123627,-4.7620000000000005,0.80150086
-3.92,-3.546301359176635,-6.568999999999999,3.0226986
-4.02,-3.941051956176759,-7.296000000000001,3.354948
-3.64,-3.2833574123382565,-5.882,2.5986426
-1.24,-2.3724112110137936,-0.2329999999999996,-2.1394112
-3.13,-2.3062295207977304,-5.976000000000001,3.6697705
-0.84,-1.1407160179615023,-0.8080000000000003,-0.33271602
-2.74,-2.350675984144211,-2.677,0.32632402
-5.9,-5.595971759796143,-5.009,-0.58697176
1.68,0.8244127511978148,1.7999999999999998,-0.97558725
2.93,2.1293364601135254,3.133,-1.0036635
-3.67,-3.2008355259895325,-2.5,-0.7008355
2.56,2.2154940700531007,3.16,-0.94450593
-9.29,-6.523711582183838,-9.196,2.6722884
-7.48,-7.198152615219355,-7.179,-0.019152615
-1.34,-1.5168756809234618,0.7410000000000001,-2.2578757
0.16,-0.31002671003341664,0.2450000000000001,-0.5550267
-4.63,-4.172434002399445,-4.2940000000000005,0.121566
-4.39,-5.649948834180832,-5.155,-0.49494883
3.13,2.757513849258423,3.817,-1.0594862
-6.79,-5.989460227489472,-5.0600000000000005,-0.9294602
-4.97,-6.963651441574097,-10.849,3.8853486
-1.17,-2.1397951650619507,-1.23,-0.90979517
-2.78,-2.573581723719836,-2.6350000000000007,0.061418276
-1.39,-1.554787483215332,-0.7149999999999999,-0.8397875
-0.11,1.2178324470520017,-0.4490000000000003,1.6668324
-4.59,-3.129787248373032,-3.575,0.44521275
-23.62,-24.80515651512146,-22.823,-1.9821565
-4.23,-6.435286003112792,-5.005999999999999,-1.429286
-7.63,-9.657398938417435,-9.493,-0.16439894
-4.1,-2.9102072029113764,-5.077999999999999,2.1677928
-4.84,-4.818827172756196,-4.284000000000001,-0.5348272
-9.3,-11.142779600858688,-10.744,-0.3987796
1.07,-0.4913962020874023,-3.964,3.4726038
-6.4,-8.294278675079344,-7.105999999999999,-1.1882787
-2.55,-0.8488548974990842,0.6020000000000003,-1.4508549
-3.54,-4.6833842744827265,-3.424,-1.2593843
-2.29,-1.840737861633301,-3.619,1.7782621
1.58,1.9147751770019532,2.971,-1.0562248
0.27,-0.25190159249305744,0.1669999999999998,-0.4189016
-6.01,-5.2890314245224,-4.54,-0.7490314
-6.16,-7.91706322479248,-10.263,2.3459368
-5.49,-5.243017345547676,-5.353,0.109982654
-4.59,-4.863655746459962,-3.963000000000001,-0.90065575
-3.52,-3.5208892421722413,-3.983,0.46211076
0.6,0.2174018917083742,1.3310000000000002,-1.1135981
-5.23,-5.912375018119813,-4.897000000000001,-1.015375
-6.78,-7.078341213226318,-10.766,3.6876588
-5.99,-5.873960641860961,-8.979,3.1050394
-1.46,-0.7459543676376343,-0.197,-0.54895437
-11.53,-11.137962314605717,-14.322000000000005,3.1840377
-4.09,-3.398636304855346,-4.811999999999999,1.4133637
-3.3,-3.427821765899658,-1.061,-2.3668218
-4.58,-7.960160088539123,-9.325,1.3648399
-6.12,-6.3720778653919705,-6.319000000000001,-0.053077865
-4.21,-3.873102138519287,-2.223,-1.6501021
-2.63,-2.476394578456879,-1.809,-0.6673946
0.56,0.6717443683147433,0.3790000000000002,0.29274437
-3.73,-3.9289342784881596,-2.3150000000000004,-1.6139343
2.3,1.3302571783065797,2.301,-0.9707428
-5.45,-8.203003293514252,-7.269,-0.9340033
-2.4,-2.4913437809944163,-1.8090000000000008,-0.6823438
-5.73,-4.785558140277862,-5.475,0.68944186
-2.32,-2.5095423917770385,-1.448,-1.0615424
1.58,1.1064422149658206,2.1020000000000003,-0.9955578
-6.62,-6.5712307869195925,-6.402999999999999,-0.16823079
-3.11,-3.1701109695434564,-4.029999999999999,0.85988903
-1.12,-1.0158584342002868,-1.886,0.87014157
-3.1,-4.029015716791153,-3.553,-0.47601572
-2.83,-2.7188264408111573,-4.479,1.7601736
-6.48,-6.5206351013183586,-12.322,5.801365
2.3,1.5939556713104248,2.637,-1.0430443
-5.91,-5.276775318145752,-4.756,-0.5207753
-2.78,-2.6545010075569153,-1.911,-0.743501
-8.41,-8.240017498373986,-8.054,-0.1860175
-4.42,-5.177468994617462,-4.341,-0.836469
-5.57,-5.552643447875977,-4.956,-0.59664345
-2.55,-3.205588648796082,-2.4730000000000003,-0.73258865
-2.16,-1.9288410577774053,-0.6160000000000005,-1.312841
-5.21,-5.38393577003479,-4.534,-0.84993577
-2.53,-1.9494791612625124,-2.486,0.53652084
-2.86,-2.8511428394317626,-4.654,1.8028572
-2.47,-2.5559475860595704,-1.846,-0.7099476
-4.29,-4.338345772743225,-2.982,-1.3563458
-10.27,-9.569575898528099,-9.658,0.0884241
-3.58,-2.0038266315460205,-3.339,1.3351734
-4.57,-4.4863246593475345,-2.791,-1.6953247
-5.1,-4.720653499603271,-10.914,6.1933465
1.59,1.4467860193252564,2.572,-1.125214
-6.25,-7.91539824295044,-6.7780000000000005,-1.1373982
-0.04,0.029266474246978813,0.81,-0.7807335
-1.64,-2.816133040428162,-2.0940000000000003,-0.72213304
-5.8,-5.714970999002457,-5.224,-0.490971
2.51,1.7586881618499755,2.723,-0.96431184
-7.37,-5.747583726882935,-7.679,1.9314163
0.1,1.344183837890625,2.512,-1.1678162
-4.42,-4.5471183319091795,-2.877,-1.6701183
-4.77,-5.055566405296326,-4.424,-0.6315664
-3.09,-2.0892330741882326,-1.41,-0.6792331
-9.4,-12.335967449188232,-16.104,3.7680326
-3.43,-2.929552794456482,-4.801,1.8714472
-9.82,-8.887836723566055,-9.199,0.31116328
1.28,1.1936277432441713,0.8170000000000001,0.37662774
-8.7,-8.1059221534729,-14.578,6.472078
-4.27,-3.638975566864014,-6.894,3.2550244
-2.37,-2.2030298690795895,-1.0229999999999997,-1.1800299
-8.68,-8.236551113128662,-10.445,2.208449
-8.84,-13.84600923728943,-17.582,3.7359908
-9.37,-7.182255409240721,-9.172999999999998,1.9907446
-7.1,-7.020228973388672,-10.541,3.520771
0.0,-0.43363419342041004,0.3170000000000001,-0.7506342
-18.06,-21.560366317749022,-25.772,4.2116337
0.08,-0.556083157777786,-0.1469999999999998,-0.40908316
-5.82,-5.8248836183547965,-5.164999999999999,-0.6598836
-0.03,-0.25147018241882324,0.752,-1.0034702
-2.28,-3.1761369724273685,-1.7270000000000003,-1.449137
-4.73,-4.979013439178467,-4.171,-0.80801344
-5.11,-4.072791980743409,-1.7490000000000006,-2.323792
-6.68,-6.927675520420073,-7.673999999999999,0.7463245
-8.26,-6.587624845504761,-10.06,3.4723752
1.07,-1.3873605346679687,-4.835,3.4476395
-2.46,-2.3857359504699707,-1.585,-0.80073595
-3.88,-3.1128908672332765,-0.8540000000000001,-2.2588909
2.13,2.020642292022705,3.112,-1.0913577
-0.53,-0.8367913761138914,-0.0539999999999998,-0.7827914
-1.69,-1.3059369850158693,-2.68,1.374063
-5.48,-5.156257953643799,-2.715,-2.441258
-0.59,-0.9157064571380613,-0.3889999999999998,-0.52670646
-4.22,-2.740293273925781,-6.26,3.5197067
-2.49,-1.8077603893280032,-3.4330000000000003,1.6252396
-9.61,-8.751290282249451,-10.659,1.9077097
-3.43,-2.5689856071472175,-5.252000000000001,2.6830144
-4.4,-0.7867232322692872,1.4,-2.1867232
-6.44,-6.999355500221252,-6.093,-0.9063555
-4.55,-2.447179915428162,-1.727,-0.7201799
-8.18,-8.608121420770884,-8.548,-0.06012142
-6.5,-5.723041401386261,-4.948,-0.7750414
3.12,4.588376037597657,0.5920000000000001,3.996376
-7.62,-6.886273414611816,-10.257,3.3707266
-1.34,-1.1957946739196776,1.104,-2.2997947
-1.29,-4.386523130416871,-6.5280000000000005,2.1414769
-2.02,-3.4660329952239994,-5.589,2.122967
2.97,2.3471446762084964,3.3760000000000003,-1.0288553
-6.55,-4.124812952041626,-2.7910000000000004,-1.333813
-2.94,-2.146403387069703,-5.478000000000001,3.3315966
-3.3,-1.889295097351074,-3.296,1.4067049
-2.64,-2.500363311767578,-4.71,2.2096367
-6.27,-5.857089632511139,-5.231,-0.62608963
-5.46,-4.848673486709595,-2.775,-2.0736735
-1.91,-2.0201744079589843,-1.775,-0.24517441
-3.88,-3.892744814902544,-3.955,0.062255185
-7.67,-6.408981309175491,-6.529,0.12001869
1.09,-0.3587460539340973,0.104,-0.46274605
-7.03,-6.514814927577973,-5.890000000000001,-0.6248149
-0.57,-1.1962734355926514,-0.6890000000000001,-0.50727344
2.51,1.846816957473755,2.838,-0.99118304
-4.09,-1.8438102617263792,-0.0139999999999997,-1.8298103
0.29,0.3480496711730956,1.382,-1.0339503
-3.25,-0.07039655494689967,-2.0380000000000003,1.9676034
-3.79,-0.7004860391616821,0.5760000000000001,-1.276486
-5.29,-4.328309534668922,-4.508,0.17969047
-9.31,-7.172431140899658,-9.206,2.0335689
-4.35,-3.870669273376465,-1.854,-2.0166693
-3.52,-4.440902243852616,-3.98,-0.46090224
-9.3,-10.976573002338409,-10.45,-0.526573
-2.45,-3.1611354165375234,-3.136,-0.025135417
-3.45,-3.5786683309078215,-3.13,-0.44866833
-4.74,-5.447589492797851,-3.475,-1.9725895
-0.8,-1.0160193748474127,-4.132000000000001,3.1159806
-2.15,-1.52291586971283,-2.4560000000000004,0.93308413
-12.64,-13.931735721588133,-17.266,3.3342643
-11.95,-8.003965518951416,-10.673,2.6690345
-2.22,-3.5038822975158705,-5.459000000000001,1.9551177
-6.92,-6.7513107366561895,-5.382000000000001,-1.3693107
-4.58,-3.631358600616455,-7.026,3.3946414
-3.88,-4.194983995437623,-5.813000000000001,1.618016
-1.16,-1.620942352294922,0.4769999999999998,-2.0979424
-7.29,-7.2313971318304535,-7.225,-0.006397132
-2.79,-2.728271856307984,-4.890000000000001,2.1617281
-1.46,-1.8799792327880858,-1.1789999999999998,-0.70097923
-2.04,-1.8551614036560053,-3.4239999999999995,1.5688386
-3.88,-3.3356503639221184,-1.5909999999999995,-1.7446504
-0.44,-0.16295062589645415,0.6719999999999997,-0.8349506
-1.83,-2.1244292011260986,-1.299,-0.8254292
-0.56,-0.295063920021057,0.4300000000000001,-0.7250639
1.79,2.5326994705200194,0.8799999999999999,1.6526995
-9.63,-9.638006262421609,-9.864,0.22599374
-1.95,-2.000008710861206,-0.8340000000000001,-1.1660087
0.84,0.119618593096733,0.2139999999999999,-0.09438141
-4.69,-5.532416578769684,-5.134,-0.39841658
1.31,0.3590849895477297,1.7520000000000002,-1.392915
-15.46,-18.661851425170898,-22.52,3.8581486
-1.12,-1.6618498992919921,0.08,-1.7418499
-3.24,-2.129757236480713,-0.149,-1.9807572
-0.44,-0.47381325483322156,0.1049999999999999,-0.57881325
-8.72,-6.938880038261413,-8.825,1.88612
-5.73,-4.911412310600281,-3.075,-1.8364123
-4.06,-3.226985115051269,-1.4689999999999994,-1.7579851
-4.42,-3.7280641860961916,-1.982,-1.7460642
-7.81,-5.4218228263854975,-8.517,3.0951772
-9.71,-7.588776992797852,-11.874,4.285223
-9.44,-8.859798894882202,-12.036,3.176201
-4.82,-4.380652464866638,-2.489,-1.8916525
-5.03,-4.618367916375399,-4.668,0.049632084
-8.21,-7.97176965713501,-8.59,0.61823034
-0.79,-1.3325457525253297,-0.3700000000000001,-0.96254575
-4.45,-4.926530702590942,-3.258,-1.6685307
0.06,0.180289249420166,-2.27,2.4502892
-10.22,-8.306085960388184,-9.867,1.560914
-4.61,0.4218934497833251,2.646,-2.2241066
-3.64,-3.98101867055893,-4.371,0.38998133
-0.48,0.08829033923149118,-0.1129999999999999,0.20129034
-4.38,-1.4551363849639891,0.7850000000000001,-2.2401364
-3.71,-3.1118721303939822,-2.3560000000000003,-0.75587213
-3.2,-2.5683271284103397,-1.0370000000000004,-1.5313271
-3.05,-3.2569159135818486,-4.2860000000000005,1.0290841
-4.07,-3.5432693367004395,-1.463,-2.0802693
-9.4,-6.674850049972534,-10.116,3.44115
-3.22,-2.2346043128967286,0.0729999999999999,-2.3076043
-3.03,-2.644532322883606,-4.5,1.8554677
-2.51,-1.718619390487671,-3.721,2.0023806
0.71,0.5321677312850954,1.6110000000000002,-1.0788323
-6.19,-6.109274934887885,-6.295999999999999,0.18672507
-6.32,-5.784479490280152,-3.916,-1.8684795
-3.18,-3.0058178482055666,-4.881,1.8751822
-2.36,-2.112464580535889,-4.16,2.0475354
2.67,2.1893358087539676,3.2350000000000003,-1.0456642
2.52,1.9845938816070556,2.964,-0.9794061
0.5,-0.09209824085235585,-1.505,1.4129018
-5.49,-5.759431188344957,-5.299000000000001,-0.4604312
-5.9,-6.0225431756973276,-5.383000000000001,-0.6395432
-3.24,-3.3391912455558774,-4.212,0.87280875
-4.82,-4.467634119033813,-3.864,-0.6036341
-2.48,-3.9462892942428596,-5.893000000000001,1.9467107
-6.75,-6.303193828582764,-8.372,2.0688062
0.68,0.1263512606620789,0.687,-0.56064874
-0.25,-1.1135633907318119,-0.7710000000000004,-0.3425634
-2.92,-2.862231716156006,-0.4340000000000001,-2.4282317
-6.4,-7.280075603485107,-9.481,2.2009244
-0.4,-0.5040202236175539,0.2399999999999997,-0.7440202
-0.25,0.5611334762573241,-2.854,3.4151335
-4.05,-2.69267288017273,-1.4330000000000007,-1.2596729
-3.93,-3.0526436309814455,-6.498,3.4453564
-5.49,-5.097772575378418,-2.901,-2.1967726
-8.15,-11.763036388397218,-18.219,6.4559636
-5.51,-8.137730323582888,-8.086,-0.051730324
-0.82,-1.4658616981506347,-0.3209999999999999,-1.1448617
0.4,0.1535493092536926,1.083,-0.9294507
0.52,1.1673116116523743,2.028,-0.8606884
-1.1,-1.2964779052734379,-4.166,2.869522
-2.09,-1.4960407431125642,-1.112,-0.38404074
-0.22,0.23400123500823966,-1.471,1.7050012
-1.61,-1.9683106632232663,-0.7969999999999997,-1.1713107
1.7,1.7169622964859008,2.807,-1.0900377
1.31,0.3511098928451537,1.757,-1.4058901
-6.72,-7.239636524200439,-10.633,3.3933635
-0.16,-0.6037627487182617,0.347,-0.95076275
2.11,2.009022475242615,3.051,-1.0419775
-4.39,-2.6472422657012937,-0.6309999999999998,-2.0162423
1.92,1.7612117872238158,2.711,-0.9497882
-3.2,-3.9435387268066404,-2.139,-1.8045387
0.93,0.4881350886821745,0.8949999999999998,-0.4068649
-1.96,-1.218259514808655,-0.1390000000000002,-1.0792595
-6.74,-5.196967807769777,-10.141000000000002,4.944032
0.18,0.5202124361991884,1.3630000000000002,-0.84278756
-2.44,-2.843228177070617,-2.2789999999999995,-0.5642282
-0.48,-0.09743946278095235,0.0710000000000001,-0.16843946
-4.37,-4.260433124542237,-9.874,5.613567
-0.9,-1.3107885351181028,-0.4739999999999997,-0.83678854
-4.72,-4.331368024349213,-3.745,-0.586368
-7.4,-8.131583618164063,-5.7490000000000006,-2.3825836
-25.47,-19.6414858379364,-18.104,-1.5374858
-17.74,-16.895687713623047,-20.39,3.4943123
-4.23,-4.10962386894226,-7.983,3.8733761
-2.34,-1.8989764795303348,-2.8360000000000003,0.9370235
-1.89,-2.3893844137191773,-1.701,-0.6883844
-6.69,-8.002997753143312,-6.972,-1.0309978
-3.13,-2.653343451023102,-1.95,-0.70334345
-3.34,-2.6153828349113475,-1.8090000000000008,-0.80638283
-1.38,-1.969240354537964,-0.6240000000000001,-1.3452404
-2.69,-2.9026868538856507,-2.358,-0.54468685
-0.99,-1.0534997031688689,-0.5859999999999999,-0.4674997
2.71,2.045216872215271,3.052,-1.0067831
-4.78,-4.887376646995545,-3.2300000000000004,-1.6573766
-0.95,-0.9829628620147705,0.0590000000000001,-1.0419629
-0.74,-0.2212163519859311,-0.0949999999999997,-0.12621635
-1.21,-0.5342248134613037,0.032,-0.5662248
-4.2,-3.4677997226715096,-6.662000000000001,3.1942003
